0	12zi_chicken_boss2	12zi_chicken_boss
0	12zi_cow_boss2	12zi_cow_boss
0	12zi_dog_boss2	12zi_dog_boss
0	12zi_dragon_boss2	12zi_dragon_boss
0	12zi_horse_boss2	12zi_horse_boss
0	12zi_monkey_boss2	12zi_monkey_boss
0	12zi_mouse_boss2	12zi_mouse_boss
0	12zi_pig_boss2	12zi_pig_boss
0	12zi_rabbit_boss2	12zi_rabbit_boss
0	12zi_sheep_boss2	12zi_sheep_boss
0	12zi_snake_boss2	12zi_snake_boss
0	12zi_tiger_boss2	12zi_tiger_boss
0	amber	mineral
0	amethyst	mineral
0	bank_02 	bank
0	bear_black 	bear
0	bear_brown 	bear
0	bear_gray 	bear
0	blue_dragon_young2	blue_dragon_young1
0	boar	boar
0	boar_0	boar
0	boar_3	boar
0	bridge_block_chain	flame_bridge_block_chain
0	chagirap_02	chagirap
0	chick_blue1	chick
0	chick_pink1	chick
0	chick_white1	chick
0	chick_white2	chick
0	chick_white3	chick
0	chick_yellow1	chick
0	chick_yellow2	chick
0	chick_yellow3	chick
0	christmas_2016_Goblin_1	christmas_2016_Goblin
0	christmas_2016_Goblin_2	christmas_2016_Goblin
0	christmas_2016_mammoth_01	christmas_2016_mammoth
0	christmas_2016_mammoth_02	christmas_2016_mammoth
0	christmas_2017_penguin_1	christmas_2017_penguin
0	christmas_2017_penguin_2	christmas_2017_penguin
0	christmas_2017_sleddog_01	christmas_2017_sleddog
0	christmas_2017_sleddog_02	christmas_2017_sleddog
0	christmas_2018_horse_01	christmas_2018_horse
0	christmas_2018_horse_02	christmas_2018_horse
0	christmas_2018_nutcracker_01	christmas_2018_nutcracker
0	christmas_2018_nutcracker_02	christmas_2018_nutcracker
0	christmas_2019_horse_01	christmas_2019_horse
0	christmas_2019_horse_02	christmas_2019_horse
0	christmas_2019_santa_01	christmas_2019_santa
0	christmas_2019_santa_02	christmas_2019_santa
0	christmas_2020_alpaca_2	christmas_2020_alpaca
0	christmas_2020_tree_2	christmas_2020_tree
0	christmas_2021_bear_1	christmas_2021_bear
0	christmas_2021_bear_2	christmas_2021_bear
0	christmas_2021_wolf_1	christmas_2021_wolf
0	christmas_2021_wolf_2	christmas_2021_wolf
0	christmas_2022_cookie_1	christmas_2022_cookie
0	christmas_2022_cookie_2	christmas_2022_cookie
0	christmas_2022_reindeer_1	christmas_2022_reindeer
0	christmas_2022_reindeer_2	christmas_2022_reindeer
0	christmas_2023_horse_03	christmas_2018_horse
0	christmas_2023_horse_04	christmas_2018_horse
0	christmas_2023_krampus_1	christmas_2023_krampus
0	christmas_2023_krampus_2	christmas_2023_krampus
0	christmas_tree_01 	christmas_tree
0	christmas_tree_02 	christmas_tree
0	christmas_tree_03 	christmas_tree
0	chunru	mineral
0	copper	mineral
0	cz_condor_b	cz_condor
0	cz_condor_c	cz_condor
0	cz_demon_01	cz_demon
0	cz_demon_02	cz_demon
0	cz_demon_03	cz_demon
0	cz_dragonman_01	cz_dragonman
0	cz_dragonman_02	cz_dragonman
0	cz_dragonman_03	cz_dragonman
0	cz_elephant_01	cz_elephant
0	cz_elephant_02	cz_elephant
0	cz_elephant_03	cz_elephant
0	cz_kentauros_01	cz_kentauros
0	cz_kentauros_02	cz_kentauros
0	cz_kentauros_03	cz_kentauros
0	cz_twoheadedtiger_01	cz_twoheadedtiger
0	cz_twoheadedtiger_02	cz_twoheadedtiger
0	cz_twoheadedtiger_03	cz_twoheadedtiger
0	cz_wolf_01	cz_wolf
0	cz_wolf_02	cz_wolf
0	cz_wolf_03	cz_wolf
0	cz_zephyr_01	cz_zephyr
0	cz_zephyr_02	cz_zephyr
0	cz_zephyr_03	cz_zephyr
0	defensewave_hydra_pet_1	defensewave_hydra_pet
0	defensewave_hydra_pet_2	defensewave_hydra_pet
0	defensewave_naga_1	defensewave_naga
0	defensewave_naga_2	defensewave_naga
0	defensewave_pawn_1	defensewave_pawn
0	defensewave_pawn_2	defensewave_pawn
0	defensewave_pawn_3	defensewave_pawn
0	defensewave_pawn_4	defensewave_pawn
0	defensewave_pawn_5	defensewave_pawn
0	defensewave_pawn_6	defensewave_pawn
0	defensewave_watersoul_02	defensewave_watersoul
0	defensewave_watersoul_03	defensewave_watersoul
0	defensewave_watersoul_04	defensewave_watersoul
0	defensewave_watersoul_05	defensewave_watersoul
0	defensewave_watersoul_06	defensewave_watersoul
0	diamond	mineral
0	dinosaur_1	dinosaur
0	dinosaur_2	dinosaur
0	dinosaur_3	dinosaur
0	dog_god	dog_god
0	dog_god_0	dog_god
0	dog_god_3	dog_god
0	dog_young1_white	dog_young1
0	east_earth_general_2	east_earth_general
0	east_earth_king_2	east_earth_king
0	east_earth_knight_2	east_earth_knight
0	east_earth_magic_2	east_earth_magic
0	east_earth_officer_2	east_earth_officer
0	east_earth_soldier2_2	east_earth_soldier2
0	east_earth_soldier_2	east_earth_soldier
0	east_gnoll_hellhound_1	east_gnoll_hellhound
0	east_gnoll_soldier_1	east_gnoll_soldier
0	east_troll_archer_1	east_troll_archer
0	east_troll_argus_boss_1	east_troll_argus_boss
0	east_troll_commander_1	east_troll_commander
0	east_troll_mage_1	east_troll_mage
0	east_troll_warrior_1	east_troll_warrior
0	easter_2017_rabbit_1	easter_2017_rabbit
0	easter_2017_rabbit_2	easter_2017_rabbit
0	easter_2018_rabbit_01	easter_2018_rabbit
0	easter_2018_rabbit_02	easter_2018_rabbit
0	easter_2019_peacock_1	easter_2019_peacock
0	easter_2019_peacock_2	easter_2019_peacock
0	easter_2020_cow_1	easter_2020_cow
0	easter_2020_cow_2	easter_2020_cow
0	easter_2021_rabbit_1	easter_2021_rabbit
0	easter_2021_rabbit_2	easter_2021_rabbit
0	easter_2022_seahorse_1	easter_2022_seahorse
0	easter_2022_seahorse_2	easter_2022_seahorse
0	easter_2023_rabbit_3	easter_2021_rabbit
0	easter_2023_rabbit_4	easter_2021_rabbit
0	ebony	mineral
0	elemental_pet_pawn_1	elemental_pet_pawn_1
0	elemental_pet_pawn_2	elemental_pet_pawn_1
0	elemental_pet_pawn_3	elemental_pet_pawn_1
0	elemental_pet_pawn_4	elemental_pet_pawn_1
0	elemental_pet_pawn_5	elemental_pet_pawn_1
0	elemental_pet_pawn_6	elemental_pet_pawn_1
0	empire_caocao_boss_2	empire_caocao_boss
0	empire_gongbing_2	empire_gongbing
0	empire_jianbing_2	empire_jianbing
0	empire_maobing_2	empire_maobing
0	empire_qiangbing_2	empire_qiangbing
0	empire_zhangbao_king_2	empire_zhangbao_king
0	empire_zhanglu_2	empire_zhanglu
0	empire_zhanglu_3	empire_zhanglu
0	fire_ghost1	fire_ghost
0	fire_king1	fire_king
0	fire_knight1	fire_knight
0	fire_man1	fire_man
0	fire_tiger	fire_tiger
0	fire_tiger_0	fire_tiger
0	fire_tiger_3	fire_tiger
0	fire_tiger_blue	fire_tiger
0	fire_tiger_boss1	fire_tiger_boss
0	fire_tiger_darkred	fire_tiger
0	fire_tiger_gold	fire_tiger
0	fire_tiger_green	fire_tiger
0	fire_tiger_pied	fire_tiger
0	fire_tiger_white	fire_tiger
0	flag_1	flag_e
0	flag_2	flag_e
0	flag_3	flag_e
0	flag_blue 	guild_war_flag
0	flag_d_02	flag_d
0	flag_d_03	flag_d
0	flag_d_04	flag_d
0	flag_d_05	flag_d
0	flag_d_06	flag_d
0	flag_red 	guild_war_flag
0	flag_yellow 	guild_war_flag
0	flame_npc	flame_dungeon_npc
0	fossil_tree 	mineral
0	gangyo_patrol_spear_01	gangyo_patrol_spear
0	garrison_2	garrison
0	garrison_3	garrison
0	gold	mineral
0	goods_02 	goods
0	haitai 	fire_tiger_boss
0	halloween_2016_dragon_gold_01	halloween_2016_dragon
0	halloween_2016_dragon_silver_02	halloween_2016_dragon
0	halloween_2016_gangsi_1	halloween_2016_gangsi
0	halloween_2016_gangsi_2	halloween_2016_gangsi
0	halloween_2017_ghost_1	halloween_2017_ghost
0	halloween_2017_ghost_2	halloween_2017_ghost
0	halloween_2017_volcano_beast_01	halloween_2017_volcano_beast
0	halloween_2017_volcano_beast_02	halloween_2017_volcano_beast
0	halloween_2018_cerberos_01	halloween_2018_cerberos
0	halloween_2018_cerberos_02	halloween_2018_cerberos
0	halloween_2018_witch_01	halloween_2018_witch
0	halloween_2018_witch_02	halloween_2018_witch
0	halloween_2019_3eyecat_01	halloween_2019_3eyecat
0	halloween_2019_3eyecat_02	halloween_2019_3eyecat
0	halloween_2019_bat_01	halloween_2019_bat
0	halloween_2019_bat_02	halloween_2019_bat
0	halloween_2020_crow_01	halloween_2020_crow
0	halloween_2020_crow_02	halloween_2020_crow
0	halloween_2020_mummy_01	halloween_2020_mummy
0	halloween_2020_mummy_02	halloween_2020_mummy
0	halloween_2021_fenfire_01	halloween_2021_fenfire
0	halloween_2021_fenfire_01	halloween_2021_fenfire
0	halloween_2021_fenfire_02	halloween_2021_fenfire
0	halloween_2021_fenfire_02	halloween_2021_fenfire
0	halloween_2021_ninetail_1	halloween_2021_ninetail
0	halloween_2021_ninetail_1	halloween_2021_ninetail
0	halloween_2021_ninetail_2	halloween_2021_ninetail
0	halloween_2021_ninetail_2	halloween_2021_ninetail
0	halloween_2022_bat_01	halloween_2022_bat
0	halloween_2022_bat_02	halloween_2022_bat
0	halloween_2022_coffin_1	halloween_2022_coffin
0	halloween_2022_coffin_2	halloween_2022_coffin
0	halloween_2023_broom_1	halloween_2023_broom
0	halloween_2023_broom_2	halloween_2023_broom
0	halloween_2023_voodooist_1	halloween_2023_voodooist
0	halloween_2023_voodooist_2	halloween_2023_voodooist
0	halloween_bet_pet1	halloween_bet_pet1
0	halloween_bet_pet2	halloween_bet_pet1
0	hanma_young2	hanma_young1
0	horse2_master 	horse2
0	horse2_member 	horse2
0	horse2_normal 	horse2
0	horse_guild_01	horse_guild
0	horse_guild_02	horse_guild
0	horse_master 	horse
0	horse_member 	horse
0	horse_normal 	horse
0	horse_normal02	pony
0	horse_pepsi	horse_event1
0	ice_snow_giant_man1	ice_snow_giant_man
0	ice_snow_giant_man2	ice_snow_giant_man
0	ice_snow_golem1	ice_snow_golem
0	ice_snow_golem2	ice_snow_golem
0	ice_snow_insect1	ice_snow_insect
0	ice_snow_insect2	ice_snow_insect
0	ice_snow_man1	ice_snow_man
0	ice_snow_man2	ice_snow_man
0	ice_snow_monster1	ice_snow_monster
0	ice_snow_monster2	ice_snow_monster
0	icecrystal_valley_boss_2	icecrystal_valley_boss
0	icecrystal_valley_knight01_2	icecrystal_valley_knight01
0	icecrystal_valley_knight02_2	icecrystal_valley_knight02
0	icecrystal_valley_knight03_2	icecrystal_valley_knight03
0	icecrystal_valley_pawn_2	icecrystal_valley_pawn
0	icecrystal_valley_s_knight_2	icecrystal_valley_s_knight
0	icecrystal_valley_s_pawn_2	icecrystal_valley_s_pawn
0	jade	mineral
0	japanese_pirate_2	japanese_pirate
0	jinno_patrol_spear_01	jinno_patrol_spear
0	lamb_blue_pet	lamb_pet
0	lamb_white_pet	lamb_pet
0	lemures_boss2_2	lemures_boss2
0	lemures_boss_2	lemures_boss
0	lemures_general_2	lemures_general
0	lemures_magic_2	lemures_magic
0	lemures_officer_2	lemures_officer
0	lemures_soldier2_2	lemures_soldier2
0	lemures_soldier_2	lemures_soldier
0	leopard_black	leopard
0	leopard_yellow	leopard
0	leopard_young1_black	leopard_young1
0	leopard_young1_yellow	leopard_young1
0	lion	lion
0	lion_0	lion
0	lion_3	lion
0	lion_young1_white	lion_young1
0	luck_sheep_boss1	luck_sheep_boss
0	luck_sheep_young1	luck_sheep_young1
0	luck_sheep_young2	luck_sheep_young1
0	metinstone_01 	metinstone
0	metinstone_02 	metinstone
0	metinstone_03 	metinstone
0	metinstone_04 	metinstone
0	metinstone_05 	metinstone
0	metinstone_06 	metinstone
0	metinstone_07 	metinstone
0	metinstone_08 	metinstone
0	metinstone_09 	metinstone
0	metinstone_10	metinstone_02
0	metinstone_11	metinstone_02
0	metinstone_12	metinstone_02
0	metinstone_13	metinstone_02
0	metinstone_14	metinstone_02
0	metinstone_15	metinstone_02
0	metinstone_16	metinstone
0	metinstone_17	metinstone_02
0	metinstone_18_hellstone	metinstone_02
0	metinstone_19_otherworldstone	metinstone_02
0	metinstone_east_01	metinstone_east
0	metinstone_east_02	metinstone_east
0	metinstone_east_03	metinstone_east
0	metinstone_east_04	metinstone_east
0	metinstone_east_05	metinstone_east
0	metinstone_egg01	metinstone_egg
0	metinstone_egg02	metinstone_egg
0	metinstone_snake_1	metinstone_snake
0	metinstone_snake_2	metinstone_snake
0	metinstone_snake_3	metinstone_snake
0	metinstone_snake_4	metinstone_snake
0	metinstone_snake_5	metinstone_snake
0	mineral2_bery	mineral2
0	mineral2_crystal_dark	mineral2
0	mineral2_crystal_violet	mineral2
0	mineral2_fivestone	mineral2
0	mineral2_garnet	mineral2
0	mineral2_ruby	mineral2
0	mineral2_sapphire	mineral2
0	mineral2_steel	mineral2
0	mineral2_steel_yellow	mineral2
0	minidungeon_pawn_1	minidungeon_pawn
0	minidungeon_pawn_2	minidungeon_pawn
0	monkey_range 	monkey
0	monkey_young2	monkey_young1
0	npc_turtlestone_01	npc_turtlestone
0	npc_turtlestone_awake_01	npc_turtlestone_awake
0	old_magic_M1	old_magic_M
0	old_magic_M2	old_magic_M
0	otherworld_tiger	fire_tiger_boss
0	pearl	mineral
0	peddler_ten	peddler
0	phoenix3	phoenix2
0	pig_young1_white	pig_young1
0	pony_master 	pony
0	pony_member 	pony
0	pony_normal 	pony
0	pve_dragon_young_1	pve_dragon_young
0	pve_dragon_young_2	pve_dragon_young
0	pve_dragonmaster_boss_1	pve_dragonmaster_boss
0	pve_dragonmaster_boss_2	pve_dragonmaster_boss
0	pwahuang1_2	pwahuang1
0	pwahuang1_3	pwahuang1
0	pwahuang1_4	pwahuang1
0	quartz	mineral
0	ramadan_2017_camel_01	ramadan_2017_camel
0	ramadan_2017_camel_02	ramadan_2017_camel
0	ramadan_2018_karim_1	ramadan_2018_karim
0	ramadan_2018_karim_2	ramadan_2018_karim
0	ramadan_2019_camel_1	ramadan_2019_camel
0	ramadan_2019_camel_2	ramadan_2019_camel
0	ramadan_2020_sphinx_1	ramadan_2020_sphinx
0	ramadan_2020_sphinx_2	ramadan_2020_sphinx
0	ramadan_2021_anubis_01	ramadan_2021_anubis
0	ramadan_2021_anubis_02	ramadan_2021_anubis
0	ramadan_2022_turkish_1	ramadan_2022_turkish
0	ramadan_2022_turkish_2	ramadan_2022_turkish
0	ramadan_2023_steampunk_1	ramadan_2023_steampunk
0	ramadan_2023_steampunk_2	ramadan_2023_steampunk
0	ramadan_pet_02	ramadan_pet
0	ramadan_pet_03	ramadan_pet
0	ramadan_pet_04	ramadan_pet
0	red_dragon_young2	red_dragon_young1
0	red_wild_boar 	wild_boar
0	reddragon_room_human_boss2	reddragon_room_human_boss
0	redguild_guard_M_2	redguild_guard_M
0	redguild_guard_M_3	redguild_guard_M
0	redguild_guard_M_4	redguild_guard_M
0	redthief2_officer_young2	redthief2_officer_young1
0	redthief2_officer_young3	redthief2_officer_young1
0	redthief2_officer_young4	redthief2_officer_young1
0	reindeer_female1	reindeer_female
0	reindeer_female2	reindeer_female
0	reindeer_female3	reindeer_female
0	reindeer_male1	reindeer_male
0	reindeer_male1_christmas1	reindeer_male
0	reindeer_male2	reindeer_male
0	reindeer_male3	reindeer_male
0	reindeer_young1	reindeer_young
0	reindeer_young1_christmas1	reindeer_young
0	scholar_beige_M1	scholar_beige_M
0	scholar_beige_M2	scholar_beige_M
0	scholar_brown_M1	scholar_brown_M
0	silver	mineral
0	skipia_general_young2	skipia_general_young1
0	skipia_general_young3	skipia_general_young1
0	smhgate_boss_2	smhgate_boss
0	smhgate_boss_3	smhgate_boss
0	smhgate_boss_4	smhgate_boss
0	smhgate_boss_5	smhgate_boss
0	smhgate_boss_6	smhgate_boss
0	smhgate_boss_7	smhgate_boss
0	smhgate_flower_2	smhgate_flower
0	smhgate_flower_3	smhgate_flower
0	smhgate_flower_4	smhgate_flower
0	smhgate_flower_5	smhgate_flower
0	smhgate_flower_6	smhgate_flower
0	smhgate_flower_7	smhgate_flower
0	smhgate_flower_8	smhgate_flower
0	smhgate_pet_2	smhgate_pet
0	smhgate_pet_3	smhgate_pet
0	smhgate_pet_4	smhgate_pet
0	smhgate_pet_5	smhgate_pet
0	smhgate_pet_6	smhgate_pet
0	smhgate_pet_7	smhgate_pet
0	smhgate_young_1	smhgate_young
0	smhgate_young_2	smhgate_young
0	smhtower_boss_2	smhtower_boss
0	smhtower_boss_3	smhtower_boss
0	smhtower_boss_4	smhtower_boss
0	smhtower_boss_5	smhtower_boss
0	smhtower_boss_6	smhtower_boss
0	smhtower_general_2	smhtower_general
0	smhtower_general_3	smhtower_general
0	smhtower_general_4	smhtower_general
0	smhtower_general_5	smhtower_general
0	smhtower_general_6	smhtower_general
0	smhtower_king_2	smhtower_king
0	smhtower_king_3	smhtower_king
0	smhtower_king_4	smhtower_king
0	smhtower_king_5	smhtower_king
0	smhtower_king_6	smhtower_king
0	smhtower_knight_2	smhtower_knight
0	smhtower_knight_3	smhtower_knight
0	smhtower_knight_4	smhtower_knight
0	smhtower_knight_5	smhtower_knight
0	smhtower_knight_6	smhtower_knight
0	smhtower_magic_2	smhtower_magic
0	smhtower_magic_3	smhtower_magic
0	smhtower_magic_4	smhtower_magic
0	smhtower_magic_5	smhtower_magic
0	smhtower_magic_6	smhtower_magic
0	smhtower_soldier2_2	smhtower_soldier2
0	smhtower_soldier2_3	smhtower_soldier2
0	smhtower_soldier2_4	smhtower_soldier2
0	smhtower_soldier2_5	smhtower_soldier2
0	smhtower_soldier2_6	smhtower_soldier2
0	smhtower_soldier_2	smhtower_soldier
0	smhtower_soldier_3	smhtower_soldier
0	smhtower_soldier_4	smhtower_soldier
0	smhtower_soldier_5	smhtower_soldier
0	smhtower_soldier_6	smhtower_soldier
0	snaketemple_boss_2	snaketemple_boss
0	snaketemple_knight01_1	snaketemple_knight01
0	snaketemple_knight01_2	snaketemple_knight01
0	snaketemple_knight02_1	snaketemple_knight02
0	snaketemple_knight02_2	snaketemple_knight02
0	snaketemple_knight03_1	snaketemple_knight03
0	snaketemple_knight03_2	snaketemple_knight03
0	snaketemple_pawn_1	snaketemple_pawn
0	snaketemple_pawn_2	snaketemple_pawn
0	snaketemple_s_knight_2	snaketemple_s_knight
0	snaketemple_s_pawn_1	snaketemple_s_pawn
0	snaketemple_s_pawn_2	snaketemple_s_pawn
0	snakevalley_boss_1	snakevalley_boss
0	snakevalley_boss_2	snakevalley_boss
0	snakevalley_knight02_1	snakevalley_knight02
0	snakevalley_knight02_2	snakevalley_knight02
0	snakevalley_knight03_2	snakevalley_knight03
0	snakevalley_knight_1	snakevalley_knight
0	snakevalley_knight_2	snakevalley_knight
0	snakevalley_pawn_1	snakevalley_pawn
0	snakevalley_pawn_2	snakevalley_pawn
0	snakevalley_s_knight_1	snakevalley_s_knight
0	snakevalley_s_knight_2	snakevalley_s_knight
0	snakevalley_s_pawn_1	snakevalley_s_pawn
0	snakevalley_s_pawn_2	snakevalley_s_pawn
0	spider_redpoison_young2	spider_redpoison_young1
0	spy1_01	spy1
0	starveling	starveling
0	starveling2	starveling
0	starveling3	starveling
0	starveling4	starveling
0	starveling5	starveling
0	sura_skeleton1	sura_skeleton
0	sura_skeleton2	sura_skeleton
0	sura_skeleton3	sura_skeleton
0	sura_skeleton4	sura_skeleton
0	sura_skeleton5	sura_skeleton
0	tiger_big 	tiger
0	tiger_god 	tiger
0	tiger_young1_white	tiger_young1
0	trent_magic2	trent_magic
0	trent_soldier2	trent_soldier
0	turkey_1	turkey
0	turkey_2	turkey
0	turkey_3	turkey
0	unicorn1	unicorn
0	v_01 	metinstone_valentine02
0	v_02 	metinstone_valentine02
0	v_03 	metinstone_valentine02
0	v_04 	metinstone_valentine02
0	v_05 	metinstone_valentine02
0	v_06 	metinstone_valentine02
0	v_07 	metinstone_valentine02
0	v_08 	metinstone_valentine02
0	v_09 	metinstone_valentine02
0	v_10	metinstone_valentine02
0	v_11	metinstone_valentine02
0	v_12	metinstone_valentine02
0	v_13	metinstone_valentine02
0	v_14	metinstone_valentine02
0	v_15	metinstone_valentine02
0	valentine_2020_dog_1	valentine_2020_dog
0	valentine_2020_dog_2	valentine_2020_dog
0	valentine_2022_dragon_1	valentine_2022_dragon
0	valentine_2022_dragon_2	valentine_2022_dragon
0	warp_blue	warp
0	warp_golden_land	warp
0	warp_smhgate	warp
0	white_gold 	mineral
0	whitedragon_cave_boss2_1	whitedragon_cave_boss2
0	whitedragon_cave_boss2_2	whitedragon_cave_boss2
0	whitedragon_cave_boss_1	whitedragon_cave_boss
0	whitedragon_cave_boss_2	whitedragon_cave_boss
0	whitedragon_cave_knight01_1	whitedragon_cave_knight01
0	whitedragon_cave_knight01_2	whitedragon_cave_knight01
0	whitedragon_cave_knight02_1	whitedragon_cave_knight02
0	whitedragon_cave_knight02_2	whitedragon_cave_knight02
0	whitedragon_cave_knight03_1	whitedragon_cave_knight03
0	whitedragon_cave_knight03_2	whitedragon_cave_knight03
0	whitedragon_cave_s_knight_1	whitedragon_cave_s_knight
0	whitedragon_cave_s_knight_2	whitedragon_cave_s_knight
0	whitedragon_cave_s_pawn_1	whitedragon_cave_s_pawn
0	whitedragon_cave_s_pawn_2	whitedragon_cave_s_pawn
0	whitedragon_pet_1	whitedragon_pet
0	whitedragon_pet_2	whitedragon_pet
0	whitedragonvalley_boss_02	whitedragonvalley_boss
0	whitedragonvalley_knight01_2	whitedragonvalley_knight01
0	whitedragonvalley_knight02_2	whitedragonvalley_knight02
0	whitedragonvalley_pawn_2	whitedragonvalley_pawn
0	whitedragonvalley_s_knight_2	whitedragonvalley_s_knight
0	whitedragonvalley_s_pawn_2	whitedragonvalley_s_pawn
0	wolf_blue 	wolf
0	wolf_gray 	wolf
0	worldcup_2018_wolfman_1	worldcup_2018_wolfman
0	worldcup_2018_wolfman_2	worldcup_2018_wolfman
0	yamachun_young2	yamachun_young1
0	yu_hwa_rang_event_NPC	yu_hwa_rang
0	zshop_griffon_1	zshop_griffon
0	zshop_griffon_2	zshop_griffon
101	stray_dog
102	wolf
103	wolf
104	wolf_blue
105	wolf_blue
106	wolf_gray
107	wolf_gray
108	wild_boar
109	red_wild_boar
110	bear
111	bear_gray
112	bear_black
113	bear_brown
114	tiger
115	tiger_big
131	wolf
132	wolf
133	wolf_blue
134	wolf_blue
135	wolf_gray
136	wolf_gray
137	wild_boar
138	red_wild_boar
139	bear
140	bear_gray
141	bear_black
142	bear_brown
143	tiger
144	tiger_big
151	wolf_blue
152	wolf_gray
153	red_wild_boar
154	bear_brown
155	tiger_big
171	stray_dog
172	wolf
173	wolf
174	wolf_blue
175	wolf_blue
176	wolf_gray
177	wolf_gray
178	wild_boar
179	red_wild_boar
180	bear
181	bear_gray
182	bear_black
183	bear_brown
184	tiger
185	tiger_big
191	mountain_dog_god
192	wild_boar_god
193	bear
194	tiger_god
301	bksoldier
302	bkarcher
303	bkknight
304	bkknight
331	bksoldier
332	bkarcher
333	bkknight
334	bkknight
351	bksoldier
352	bkarcher
353	bkknight
354	bkknight
391	bksecond
392	bkthird
393	bkfourth
394	bkboss
395	bksecond
396	bkthird
397	bkfourth
398	bkboss
401	thief1
402	thief2
403	thief3
404	thiefboss1
405	thiefboss2
406	thiefboss3
431	thief1
432	thief2
433	thief3
434	thiefboss1
435	thiefboss2
436	thiefboss3
451	thief1
452	thief2
453	thief3
454	thiefboss1
455	thiefboss2
456	thiefboss3
491	maenghwan
492	bou
493	gupae
494	chuhen
501	barbarian_infantry
502	barbarian_soldier
503	barbarian_bow
504	barbarian_knight
531	barbarian_infantry
532	barbarian_soldier
533	barbarian_bow
534	barbarian_knight
551	barbarian_infantry
552	barbarian_soldier
553	barbarian_bow
554	barbarian_knight
591	barbarian_boss
595	barbarian_bow
601	orc_soldier
602	orc_scouter
603	orc_knight
604	orc_magician
631	orc_soldier
632	orc_scouter
633	orc_knight
634	orc_magician
635	orc_general
636	orc_black
637	orc_bigblack
651	orc_soldier
652	orc_scouter
653	orc_knight
654	orc_magician
655	orc_general
656	orc_black
657	orc_bigblack
691	orc_lord
692	orc_lord
693	orc_lord_e
701	milgyo_religionist
702	milgyo_nahan1
703	milgyo_nahan2
704	milgyo_nahan_general
705	milgyo_executor
706	milgyo_monster1
707	milgyo_monster2
731	milgyo_religionist
732	milgyo_nahan1
733	milgyo_nahan2
734	milgyo_nahan_general
735	milgyo_executor
736	milgyo_monster1
737	milgyo_monster2
751	milgyo_religionist
752	milgyo_nahan1
753	milgyo_nahan2
754	milgyo_nahan_general
755	milgyo_executor
756	milgyo_monster1
757	milgyo_monster2
771	milgyo_religionist
772	milgyo_nahan1
773	milgyo_nahan2
774	milgyo_nahan_general
775	milgyo_executor
776	milgyo_monster1
777	milgyo_monster2
791	milgyo_founder
792	milgyo_founder
793	milgyo_founder
794	milgyo_founder
795	milgyo_founder_e
901	misterious_diseased_kid
902	misterious_diseased_dog
903	misterious_diseased_infector
904	misterious_diseased_sword
905	misterious_diseased_spear
906	misterious_diseased_bow
907	misterious_diseased_boss
931	misterious_diseased_kid
932	misterious_diseased_dog
933	misterious_diseased_infector
934	misterious_diseased_sword
935	misterious_diseased_spear
936	misterious_diseased_bow
937	misterious_diseased_boss
991	misterious_diseased_egg
992	misterious_diseased_host
993	misterious_diseased_bosshost
1001	skeleton_soldier_scythe
1002	skeleton_soldier_bow
1003	skeleton_soldier_spear
1004	skeleton_magician
1031	skeleton_soldier_scythe
1032	skeleton_soldier_bow
1033	skeleton_soldier_spear
1034	skeleton_magician
1035	spite_ghost
1036	chaos_ghost
1037	skeleton_general
1038	skeleton_bigboss
1039	skeleton_wizard
1040	immotal_ghost
1041	recycle_monster
1061	skeleton_soldier_scythe
1062	skeleton_soldier_bow
1063	skeleton_soldier_spear
1064	skeleton_magician
1065	spite_ghost
1066	chaos_ghost
1067	skeleton_general
1068	skeleton_bigboss
1069	skeleton_wizard
1070	immotal_ghost
1071	recycle_monster
1091	skeleton_king
1092	skeleton_king
1093	skeleton_god
1094	skeleton_king_e
1095	skeleton_god_e
1096	skeleton_king
1101	ice_snow_monster
1102	ice_snow_whale
1103	ice_snow_insect
1104	ice_snow_dog
1105	ice_snow_man
1106	ice_snow_giant_man
1107	ice_snow_golem
1108	ice_snow_golem
1131	ice_snow_monster
1132	ice_snow_whale
1133	ice_snow_insect
1134	ice_snow_dog
1135	ice_snow_man
1136	ice_snow_giant_man
1137	ice_snow_golem
1138	ice_snow_golem
1151	ice_snow_monster
1152	ice_snow_whale
1153	ice_snow_insect
1154	ice_snow_dog
1155	ice_snow_man
1156	ice_snow_giant_man
1157	ice_snow_golem
1171	ice_snow_monster
1172	ice_snow_whale
1173	ice_snow_insect
1174	ice_snow_dog
1175	ice_snow_man
1176	ice_snow_giant_man
1177	ice_snow_golem
1191	ice_snow_witch
1192	ice_snow_witch
1301	greenfrog_soldier
1302	greenfrog_general
1303	goblin_leafhead
1304	yellow_tigerman
1305	sugu_general
1306	yellow_tigerman
1307	yellow_tigerman_e
1308	yellow_tigerman
1309	yellow_tigerman
1310	yellow_tigerman
1331	greenfrog_soldier
1332	greenfrog_general
1333	goblin_leafhead
1334	yellow_tigerman
1335	sugu_general
1336	sugu_general
1401	mutant_1
1402	mutant_2
1403	mutant_3
1501	golem_1
1502	golem_2
1503	golem_3
1601	nersluck_1
1602	nersluck_2
1603	nersluck_3
1901	fox_ninetail
1902	fox_ninetail
1903	fox_ninetail_e
1904	fox_ninetail
1905	fox_ninetail
1906	fox_ninetail
2001	spider_young
2002	spider_poison
2003	spider_redpoison
2004	spider_nipper
2005	spider_soldier
2031	spider_young
2032	spider_poison
2033	spider_redpoison
2034	spider_nipper
2035	spider_soldier
2036	spider_soldier
2037	spider_soldier
2051	spider_young
2052	spider_poison
2053	spider_redpoison
2054	spider_nipper
2055	spider_soldier
2061	spider_young
2062	spider_poison
2063	spider_redpoison
2064	spider_nipper
2065	spider_soldier
2071	spider_young
2072	spider_poison
2073	spider_redpoison
2074	spider_nipper
2075	spider_soldier
2076	spider_soldier
2091	spider_queen
2092	spider_king
2093	spider_queen_e
2094	spider_queen_e
2095	spider_spawn
2101	fennec_fox
2102	evil_eye
2103	giant_scorpion
2104	scorpionman_sword
2105	scorpionman_bow
2106	snakeman_sword
2107	snakeman_bow
2108	outlaw
2131	scorpionman_sword
2132	scorpionman_bow
2133	snakeman_sword
2134	snakeman_bow
2135	outlaw
2151	fennec_fox
2152	evil_eye
2153	giant_scorpion
2154	scorpionman_sword
2155	scorpionman_bow
2156	snakeman_sword
2157	snakeman_bow
2158	outlaw
2191	giant_desert_turtle
2192	giant_desert_turtle_e
2201	fire_tiger
2202	fire_ghost
2203	fire_tiger_boss
2204	fire_man
2205	fire_knight
2206	fire_king
2207	fire_king
2231	fire_tiger
2232	fire_ghost
2233	fire_tiger_boss
2234	fire_man
2235	fire_knight
2291	fire_dragon
2292	red_dragon
2293	red_dragon2
2301	ent_trent
2302	ent_guru
2303	ent_hu
2304	ent_red
2305	ent_black
2306	ent_huge
2307	ent_elder
2311	ent_trent
2312	ent_guru
2313	ent_hu
2314	ent_red
2315	ent_black
2401	ch_footman
2402	ch_bowman
2403	ch_magician
2404	ch_officer
2411	ch_footman
2412	ch_bowman
2413	ch_magician
2414	ch_officer
2415	ch_officer
2431	ch_footman
2432	ch_bowman
2433	ch_magician
2434	ch_officer
2451	ch_footman
2452	ch_bowman
2453	ch_magician
2454	ch_officer
2481	boar_young
2482	dog_god_young
2483	fire_tiger_young
2484	lion_young
2491	ch_general
2492	ch_general
2493	blue_dragon
2494	ch_general
2495	ch_general
2501	zombie_diseased_kid
2502	zombie_diseased_dog
2503	zombie_diseased_infector
2504	zombie_diseased_sword
2505	zombie_diseased_spear
2506	zombie_diseased_bow
2507	zombie_diseased_boss
2508	zombie_soldier_scythe
2509	zombie_soldier_bow
2510	zombie_soldier_spear
2511	zombie_magician
2512	zombie_bigboss
2513	zombie_ghost
2514	zombie_general
2541	zombie_soldier_scythe
2542	zombie_soldier_bow
2543	zombie_soldier_spear
2544	zombie_magician
2545	zombie_bigboss
2546	zombie_ghost
2547	zombie_general
2591	zombie_king
2592	zombie_king
2593	zombie_king
2594	zombie_king
2595	zombie_king
2596	zombie_king
2597	zombie_god
2598	zombie_bigboss2
2600	wolf
2601	wolf
2602	mountain_dog_god
2603	bkarcher
2604	wild_boar
2605	wild_boar
2606	wild_boar_god
2607	bksecond
2608	bear
2609	bear
2610	bear
2611	bear
2612	bkthird
2613	tiger
2614	tiger
2615	tiger
2616	bkfourth
2617	bkboss
2618	spider_young
2619	spider_poison
2620	spider_redpoison
2621	spider_nipper
2622	spider_soldier
2623	fire_ghost
2624	fire_tiger_boss
2625	fire_man
2626	fire_knight
2627	fire_king
2628	fire_king
2629	barbarian_infantry
2630	barbarian_soldier
2631	barbarian_bow
2632	barbarian_knight
2633	barbarian_boss
2634	ice_snow_monster
2635	ice_snow_whale
2636	ice_snow_insect
2637	ice_snow_dog
2638	ice_snow_man
2639	ice_snow_giant_man
2640	ice_snow_golem
2641	fennec_fox
2642	giant_scorpion
2643	snakeman_sword
2644	snakeman_bow
2645	outlaw
2646	thief1
2647	thief2
2648	thief3
2649	maenghwan
2650	bou
2651	gupae
2652	chuhen
2653	scorpionman_sword
2654	scorpionman_bow
2655	evil_eye
2656	greenfrog_soldier
2657	greenfrog_general
2658	goblin_leafhead
2659	mutant_1
2660	mutant_2
2661	mutant_3
2662	milgyo_religionist
2663	milgyo_nahan1
2664	milgyo_nahan2
2665	milgyo_nahan_general
2666	milgyo_executor
2667	milgyo_monster1
2668	milgyo_monster2
2669	orc_soldier
2670	orc_scouter
2671	orc_knight
2672	orc_magician
2673	orc_general
2674	orc_black
2675	orc_bigblack
2676	redthief_bow
2677	redthief_soldier2
2678	redthief_magic
2679	redthief_officer
2680	crustacean_soldier
2681	crustacean_bow
2682	crustacean_soldier2
2683	crustacean_officer
2684	crustacean_general
2685	giant_soldier
2686	giant_soldier2
2687	giant_magic
2688	giant_officer
2689	ogre_soldier
2690	ogre_bow
2691	ogre_officer
2692	ogre_magic
2700	cz_wolf_01
2701	cz_wolf_02
2702	cz_wolf_03
2703	cz_twoheadedtiger_01
2704	cz_twoheadedtiger_02
2705	cz_twoheadedtiger_03
2706	cz_kentauros_01
2707	cz_kentauros_02
2708	cz_kentauros_03
2709	cz_demon_01
2710	cz_demon_02
2711	cz_demon_03
2712	cz_condor
2713	cz_condor_b
2714	cz_condor_c
2715	cz_zephyr_01
2716	cz_zephyr_02
2717	cz_zephyr_03
2718	cz_orc_b
2719	cz_orc_a
2720	cz_orc_c
2721	cz_elephant_01
2722	cz_elephant_02
2723	cz_elephant_03
2724	cz_dragonman_01
2725	cz_dragonman_02
2726	cz_dragonman_03
2727	cz_ironman_a
2728	cz_ironman_b
2729	cz_ironman_c
2730	cz_typhoon_a
2731	cz_typhoon_b
2732	cz_typhoon_c
2733	cz_12_a
2734	cz_12_b
2735	cz_12_c
2736	japanese_pirate
2737	warp
2750	12zi_mouse_boss2
2751	12zi_mouse_boss
2752	12zi_mouse_boss
2760	12zi_cow_boss2
2761	12zi_cow_boss
2762	12zi_cow_boss
2770	12zi_tiger_boss2
2771	12zi_tiger_boss
2772	12zi_tiger_boss
2780	12zi_rabbit_boss2
2781	12zi_rabbit_boss
2782	12zi_rabbit_boss
2790	12zi_dragon_boss2
2791	12zi_dragon_boss
2792	12zi_dragon_boss
2800	12zi_snake_boss2
2801	12zi_snake_boss
2802	12zi_snake_boss
2810	12zi_horse_boss2
2811	12zi_horse_boss
2812	12zi_horse_boss
2820	12zi_sheep_boss2
2821	12zi_sheep_boss
2822	12zi_sheep_boss
2830	12zi_monkey_boss2
2831	12zi_monkey_boss
2832	12zi_monkey_boss
2840	12zi_chicken_boss2
2841	12zi_chicken_boss
2842	12zi_chicken_boss
2850	12zi_dog_boss2
2851	12zi_dog_boss
2852	12zi_dog_boss
2860	12zi_pig_boss2
2861	12zi_pig_boss
2862	12zi_pig_boss
2900	metinstone_01
2901	metinstone_02
2902	metinstone_03
2903	metinstone_04
2904	metinstone_01
2905	metinstone_02
2906	metinstone_03
2907	metinstone_04
2908	metinstone_05
3001	gnoll_soldier
3002	gnoll_bow
3003	gnoll_soldier2
3004	gnoll_magic
3005	gnoll_general
3090	gnoll_boss
3091	gnoll_boss2
3101	cyclops_soldier
3102	cyclops_soldier2
3103	cyclops_magic
3104	cyclops_officer
3105	cyclops_general
3190	cyclops_boss
3191	cyclops_boss2
3201	manticore_soldier
3202	manticore_soldier2
3203	manticore_magic
3204	manticore_officer
3205	manticore_general
3290	manticore_boss
3291	manticore_boss2
3301	lemures_soldier
3302	lemures_soldier2
3303	lemures_magic
3304	lemures_officer
3305	lemures_general
3390	lemures_boss
3391	lemures_boss2
3401	triton_soldier
3402	triton_soldier2
3403	triton_magic
3404	triton_officer
3405	triton_general
3490	triton_boss
3491	triton_boss2
3501	redthief_bow
3502	redthief_soldier2
3503	redthief_magic
3504	redthief_officer
3505	redthief_general
3551	redthief2_bow
3552	redthief2_soldier2
3553	redthief2_magic
3554	redthief2_officer
3555	redthief2_general
3590	redthief_boss
3591	redthief_boss2
3595	redthief2_boss
3596	redthief2_boss2
3601	crustacean_soldier
3602	crustacean_bow
3603	crustacean_soldier2
3604	crustacean_officer
3605	crustacean_general
3690	crustacean_boss
3691	crustacean_boss2
3701	giant_soldier
3702	giant_soldier2
3703	giant_magic
3704	giant_officer
3705	giant_general
3790	giant_boss
3791	giant_boss2
3801	ogre_soldier
3802	ogre_bow
3803	ogre_officer
3804	ogre_magic
3805	ogre_general
3890	ogre_boss
3891	ogre_boss2
3901	ent_boss1
3902	ent_boss2
3903	ent_boss3
3904	giant_general
3905	bkfourth
3906	bkboss
3907	redthief2_magic
3908	redthief2_officer
3909	redthief2_general
3910	redthief_boss
3911	ent_huge
3912	ent_huge
3913	ent_huge
3915	warp_blue
3916	hell_death
3917	haete_state
3920	goblin_boss
3921	goblin_eastboss
3922	goblin_eastboss
3923	goblin_westboss
3924	goblin_southboss
3925	goblin_northboss
3926	goblin_knight
3927	goblin_knight
3928	goblin_magician
3929	goblin_magician
3930	hell_god
3931	fire_tiger_boss
3949	warp_blue
3950	defensewave_pawn_1
3951	defensewave_pawn_2
3952	defensewave_pawn_3
3953	defensewave_watersoul
3954	defensewave_naga_1
3955	defensewave_naga_2
3956	defensewave_medusa
3957	defensewave_minihydra
3958	defensewave_minihydra
3959	defensewave_minihydra
3960	defensewave_hydra_boss
3961	defensewave_hydra_boss
3962	defensewave_hydra_boss
3963	defensewave_hydra_boss_left
3964	defensewave_hydra_boss_right
3965	reddragon_room_box
3970	defensewave_wall
3971	whitedragon_npc_ice
3972	warp_blue
3973	warp
3974	secret_dungeon_wall
3980	elemental_soul_3
3981	defensewave_watersoul
3982	elemental_soul_2
3983	elemental_soul_4
3984	elemental_soul_5
3985	elemental_soul_6
3986	elemental_pawn_5
3987	elemental_pawn_1
3988	elemental_pawn_4
3989	elemental_pawn_2
3990	elemental_pawn_6
3991	elemental_pawn_3
3992	elemental_soul_3
3993	defensewave_watersoul
3994	elemental_soul_2
3995	elemental_soul_4
3996	elemental_soul_5
3997	elemental_soul_6
3998	warp_blue
3999	warp_blue
4000	metinstone_05
4001	metinstone_09
4002	metinstone_09
4003	metinstone_16
4004	metinstone_03
4005	metinstone_08
4006	elemental_golem
4019	warp_blue
4020	warp_blue
4021	seal_stone
4022	warp_blue
4023	warp_blue
4024	snake_head_01
4025	snake_head_02
4026	snake_head_03
4027	snake_head_04
4030	metinstone_egg_whitedragon
4031	warp_blue
4032	warp_blue
4033	warp_blue
4034	warp_blue
4035	warp_blue
4101	12zi_mouse_boss
4102	12zi_cow_boss
4103	12zi_tiger_boss
4104	12zi_rabbit_boss
4105	12zi_dragon_boss
4106	12zi_snake_boss
4107	12zi_horse_boss
4108	12zi_sheep_boss
4109	12zi_monkey_boss
4110	12zi_chicken_boss
4111	12zi_dog_boss
4112	12zi_pig_boss
4121	12zi_mouse_boss
4122	12zi_cow_boss
4123	12zi_tiger_boss
4124	12zi_rabbit_boss
4125	12zi_dragon_boss
4126	12zi_snake_boss
4127	12zi_horse_boss
4128	12zi_sheep_boss
4129	12zi_monkey_boss
4130	12zi_chicken_boss
4131	12zi_dog_boss
4132	12zi_pig_boss
4141	metinstone_01
4142	metinstone_01
4143	metinstone_01
4144	metinstone_01
4145	ogre_soldier
4146	ogre_soldier
4147	minidungeon_pawn_1
4148	minidungeon_pawn_2
4149	chuhen
4150	chuhen
4151	redthief_magic
4152	redthief_magic
4153	goblin_boss
4154	goblin_eastboss
4155	goblin_eastboss
4156	goblin_westboss
4157	goblin_southboss
4158	goblin_northboss
4159	goblin_knight
4160	goblin_magician
4161	hell_god
4162	otherworld_tiger
4200	ch_footman
4201	ch_bowman
4202	ch_magician
4203	ch_footman
4204	ch_bowman
4205	ch_magician
4206	ch_officer
4207	ch_general
4208	ch_general
4209	ch_general
4210	ch_general
4220	fire_ghost1
4221	fire_tiger_boss1
4222	fire_man1
4223	fire_knight1
4224	fire_king1
4225	firegolem_soldier
4226	firegolem_magician
4227	firegolem_general
4228	firegolem_boss
4229	firegolem_boss
4240	ice_snow_monster1
4241	ice_snow_insect1
4242	ice_snow_man1
4243	ice_snow_giant_man1
4244	ice_snow_golem1
4245	icegolem_soldier
4246	icegolem_magician
4247	icegolem_general
4248	icegolem_boss
4249	icegolem_boss
4260	trent_soldier
4261	trent_soldier2
4262	trent_magic
4263	trent_magic2
4264	trent_general
4265	trent_boss
4266	lemures_magic_2
4267	trent_soldier
4268	trent_soldier2
4269	trent_magic
4270	trent_magic2
4271	trent_general
4272	trent_boss2
4273	lemures_soldier2_2
4274	lemures_magic_2
4275	lemures_officer_2
4276	lemures_general_2
4280	ch_footman_awake
4281	ch_bowman_awake
4282	ch_magician_awake
4283	ch_footman_awake
4284	ch_bowman_awake
4285	ch_magician_awake
4286	ch_officer_awake
4287	ch_general
4288	ch_general
4289	ch_general
4290	ch_general
4300	fire_ghost1
4301	fire_tiger_boss1
4302	fire_man1
4303	fire_knight1
4304	fire_king1
4305	firegolem_soldier_awake
4306	firegolem_magician_awake
4307	firegolem_general_awake
4308	firegolem_boss_awake
4309	firegolem_boss_awake
4320	ice_snow_monster1
4321	ice_snow_insect1
4322	ice_snow_man1
4323	ice_snow_giant_man1
4324	ice_snow_golem1
4325	icegolem_soldier_awake
4326	icegolem_magician_awake
4327	icegolem_general_awake
4328	icegolem_boss_awake
4329	icegolem_boss_awake
4340	trent_soldier
4341	trent_soldier2
4342	trent_magic
4343	trent_magic2
4344	trent_general_awake
4345	trent_boss_awake
4346	lemures_magic_2
4347	trent_soldier
4348	trent_soldier2
4349	trent_magic
4350	trent_magic2
4351	trent_general_awake
4352	trent_boss2_awake
4353	lemures_soldier2_2
4354	lemures_magic_2
4355	lemures_officer_2
4356	lemures_general_2
4400	blue_dragon
4401	yamachun_boss
4402	hanma_boss
4403	thunder_boss
4410	blue_dragon_awake
4411	yamachun_boss_awake
4412	hanma_boss_awake
4413	thunder_boss_awake
4420	trent_soldier
4421	trent_soldier
4422	trent_magic
4423	trent_magic
4424	trent_general
4429	w_trent_boss2
4430	gnoll_bow
4431	cyclops_soldier2
4432	cyclops_magic
4433	cyclops_officer
4434	cyclops_general
4439	w_cyclops_boss2
4440	zombie_soldier_bow
4441	zombie_soldier_spear
4442	zombie_magician
4443	zombie_bigboss
4444	zombie_general
4449	w_zombie_bigboss2
4450	greenfrog_soldier
4451	greenfrog_general
4452	goblin_leafhead
4453	yellow_tigerman
4454	sugu_general
4459	w_yellow_tigerman
4460	fire_ghost
4461	fire_tiger_boss
4462	fire_man
4463	fire_knight
4464	magma_crystal
4469	w_reddragon_human_boss
4470	ogre_soldier
4471	ogre_bow
4472	ogre_officer
4473	ogre_magic
4474	ogre_general
4479	w_ogre_boss2
4500	metinstone_east_05
4501	secret_warrior
4502	secret_sura
4503	secret_assassin
4504	secret_shaman
4505	secret_wolfman
4506	secret_warrior_boss
4601	guild_battle_bow
4602	guild_battle_magician
4603	guild_battle_warrior
4690	guild_battle_boss
5001	japanese_pirate
5002	haitai
5003	monkey
5004	japanese_pirate
5101	monkey
5102	monkey_range
5103	monkey
5104	monkey
5111	monkey
5112	monkey_range
5113	monkey
5114	monkey
5115	stone_monkey
5116	stone_monkey
5121	monkey
5122	monkey_range
5123	monkey
5124	monkey
5125	stone_monkey
5126	gold_monkey
5127	gold_monkey
5131	monkey
5132	monkey_range
5133	monkey
5134	monkey
5141	monkey
5142	monkey_range
5143	monkey
5144	monkey
5145	stone_monkey
5146	stone_monkey
5151	monkey
5152	monkey_range
5153	monkey
5154	monkey
5155	stone_monkey
5156	gold_monkey
5157	gold_monkey
5161	stone_monkey
5162	gold_monkey
5163	god_monkey
5201	stray_dog
5202	wild_boar
5203	red_wild_boar
5204	bear
5205	bear_gray
5206	bear_black
5207	bear_brown
5208	tiger
5209	tiger_big
6001	fire_ghost1
6002	fire_tiger_boss1
6003	fire_man1
6004	fire_knight1
6005	fire_king1
6006	firegolem_soldier
6007	firegolem_magician
6008	firegolem_general
6009	firegolem_boss
6051	firegolem_boss
6091	yamachun_boss
6101	ice_snow_monster1
6102	ice_snow_insect1
6103	ice_snow_man1
6104	ice_snow_giant_man1
6105	ice_snow_golem1
6106	icegolem_soldier
6107	icegolem_magician
6108	icegolem_general
6109	icegolem_boss
6110	ice_snow_giant_man2
6111	ice_snow_golem2
6112	ice_snow_insect2
6113	ice_snow_man2
6114	magma_crystal
6115	reddragon_room_fly
6116	reddragon_room_human_boss
6117	reddragon_room_human_boss2
6118	metinstone_reddragon_statue
6151	icegolem_boss
6191	hanma_boss
6192	thunder_boss
6193	reddragon_room_boss2
6201	ice_snow_giant_man2
6202	ice_snow_golem2
6203	ice_snow_insect2
6204	ice_snow_man2
6205	magma_crystal
6206	reddragon_room_fly
6207	reddragon_room_human_boss
6208	reddragon_room_human_boss2
6209	metinstone_reddragon_statue
6210	giant_general
6291	cyclops_boss
6292	giant_boss
6293	cyclops_boss2
6294	giant_boss2
6301	lemures_soldier_2
6302	lemures_soldier2_2
6303	lemures_magic_2
6304	lemures_officer_2
6305	lemures_general_2
6306	lemures_soldier_2
6307	lemures_soldier2_2
6308	lemures_magic_2
6309	lemures_officer_2
6310	lemures_general_2
6391	lemures_boss_2
6392	lemures_boss2_2
6393	ogre_boss
6394	ogre_boss2
6395	japanese_pirate
6401	trent_soldier
6402	trent_soldier2
6403	trent_magic
6404	trent_magic2
6405	trent_officer
6406	trent_general
6407	trent_boss
6408	trent_boss2
6409	lemures_magic_2
6410	trent_soldier
6411	trent_soldier2
6412	trent_magic
6413	trent_magic2
6414	trent_general
6415	blue_dragon
6416	hanma_boss
6417	yamachun_boss
6418	thunder_boss
6419	fire_dragon
6420	ten_warrior_monster
6421	luck_sheep_boss1
6422	metinstone_17
6430	barbarian_boss
6431	orc_lord
6432	fox_ninetail
6433	ice_snow_witch
6434	ch_general
6435	hanma_boss
6436	blue_dragon
6437	yamachun_boss
6438	thunder_boss
6439	empire_zhanglu_3
6500	pve_dragonmaster_boss_1
6501	pve_dragonmaster_boss_2
6502	pve_dragonmaster_boss_1
6503	pve_dragonmaster_boss_2
6504	fire_dragon
6513	warp_blue
6514	warp_blue
6515	warp_blue
6516	12zi_cow_boss2
6517	warp_golden_land
6518	golden_land_tower
6519	golden_land_tower
6520	golden_land_tree
6521	peddler
6522	golden_land_soldier
6523	golden_land_knight
6524	golden_land_s_knight
6525	golden_land_boss
6526	golden_land_king
6527	golden_land_king
6528	golden_land_king
6529	metinstone_golden_land
6530	metinstone_golden_land_mine
6531	golden_land_boss
6532	golden_land_boss
6686	empire_jianbing
6687	empire_qiangbing
6688	empire_maobing
6689	empire_gongbing
6690	empire_zhanglu
6691	empire_caocao_boss
6692	empire_zhangbao_king
6693	empire_jianbing_2
6694	empire_qiangbing_2
6695	empire_maobing_2
6696	empire_gongbing_2
6697	empire_zhanglu_2
6698	empire_caocao_boss_2
6699	empire_zhangbao_king_2
6700	gnoll_hellhound
6701	gnoll_commander
6702	troll_warrior
6703	troll_archer
6704	troll_mage
6705	troll_commander
6706	troll_argus
6707	gnoll_commander
6708	troll_warrior
6709	troll_archer
6710	elemental_soul_6
6711	east_gnoll_hellhound_1
6712	east_gnoll_soldier_1
6713	east_troll_warrior_1
6714	east_troll_archer_1
6715	east_troll_mage_1
6716	east_troll_commander_1
6717	east_troll_argus_boss_1
6718	east_earth_soldier
6719	east_earth_knight
6720	east_earth_soldier2
6721	east_earth_officer
6722	east_earth_magic
6723	east_earth_general
6724	east_earth_king
6725	east_earth_soldier_2
6726	east_earth_knight_2
6727	east_earth_soldier2_2
6728	east_earth_officer_2
6729	east_earth_magic_2
6730	east_earth_general_2
6731	east_earth_king_2
6744	naga_warrior
6745	naga_soldier
6746	naga_warrior
6747	naga_mage
6748	naga_archer
6749	naga_commander
6750	snaketemple_pawn_1
6751	snaketemple_s_pawn_1
6752	snaketemple_knight03_1
6753	snaketemple_knight01_1
6754	snaketemple_knight02_1
6755	snaketemple_s_knight
6756	snaketemple_boss
6757	seal_stone
6758	snakevalley_pawn_1
6759	snakevalley_s_pawn_1
6760	snakevalley_knight_1
6761	snakevalley_s_knight_1
6762	snakevalley_knight02_1
6763	snakevalley_knight03
6764	snakevalley_boss_1
6765	snaketemple_s_knight
6770	icecrystal_valley_pawn
6771	icecrystal_valley_s_pawn
6772	icecrystal_valley_knight01
6773	icecrystal_valley_knight02
6774	icecrystal_valley_knight03
6775	icecrystal_valley_s_knight
6776	icecrystal_valley_boss
6777	whitedragonvalley_pawn
6778	whitedragonvalley_s_pawn
6779	whitedragonvalley_knight01
6780	defensewave_watersoul
6781	whitedragonvalley_knight02
6782	whitedragonvalley_s_knight
6783	whitedragonvalley_boss
6784	whitedragon_cave_s_pawn_1
6785	whitedragon_cave_knight01_1
6786	whitedragon_cave_knight02_1
6787	whitedragon_cave_s_knight_1
6788	whitedragon_cave_knight03_1
6789	whitedragon_cave_boss_1
6790	whitedragon_cave_boss2_2
6791	whitedragon_cave_boss2_1
6792	whitedragon_cave_s_pawn_2
6793	whitedragon_cave_knight01_2
6794	whitedragon_cave_knight02_2
6795	whitedragon_cave_s_knight_2
6796	whitedragon_cave_knight03_2
6797	whitedragon_cave_boss_2
6800	maze_gnoll_soldier
6801	maze_gnoll_soldier
6802	maze_gnoll_magic
6803	maze_gnoll_general
6804	maze_gnoll_boss
6805	maze_gnoll_boss
6806	maze_gnoll_soldier
6807	maze_gnoll_soldier
6808	maze_gnoll_magic
6809	maze_gnoll_general
6810	maze_keindog_soldier
6811	maze_keindog_soldier
6812	maze_keindog_magic
6813	maze_keindog_general
6814	maze_keindog_boss
6815	maze_keindog_boss
6816	maze_keindog_soldier
6817	maze_keindog_magic
6818	maze_keindog_general
6819	maze_keingnoll_boss
6820	maze_keingnoll_boss
6850	snaketemple_pawn_2
6851	snaketemple_s_pawn_2
6852	snaketemple_knight03_2
6853	snaketemple_knight01_2
6854	snaketemple_knight02_2
6855	snaketemple_s_knight_2
6856	snaketemple_boss_2
6860	empire_jianbing
6861	empire_qiangbing
6862	empire_maobing
6863	empire_gongbing
6864	empire_caocao_boss
6865	empire_jianbing_2
6866	empire_qiangbing_2
6867	empire_maobing_2
6868	empire_gongbing_2
6869	empire_caocao_boss_2
6870	empire_zhanglu_3
6871	empire_zhanglu
6875	snakevalley_pawn_2
6876	snakevalley_s_pawn_2
6877	snakevalley_knight_2
6878	snakevalley_s_knight_2
6879	snakevalley_knight02_2
6880	snakevalley_knight03_2
6881	snakevalley_boss_2
6882	icecrystal_valley_pawn_2
6883	icecrystal_valley_s_pawn_2
6884	icecrystal_valley_knight01_2
6885	icecrystal_valley_knight02_2
6886	icecrystal_valley_knight03_2
6887	icecrystal_valley_s_knight_2
6888	icecrystal_valley_boss_2
6889	whitedragonvalley_pawn_2
6890	whitedragonvalley_s_pawn_2
6891	whitedragonvalley_knight01_2
6892	elemental_soul_2
6893	whitedragonvalley_knight02_2
6894	whitedragonvalley_s_knight_2
6895	whitedragonvalley_boss_02
7001	monkey
7002	monkey_range
7003	monkey
7004	monkey
7005	stone_monkey
7006	gold_monkey
7007	gold_monkey
7008	nersluck_1
7009	nersluck_2
7010	nersluck_3
7012	evil_eye
7013	giant_scorpion
7014	scorpionman_sword
7015	scorpionman_bow
7016	snakeman_sword
7017	snakeman_bow
7018	outlaw
7019	fire_tiger
7020	fire_ghost
7021	fire_tiger_boss
7022	fire_man
7023	fire_knight
7024	ent_trent
7025	ent_guru
7026	ent_hu
7027	ent_red
7028	ent_black
7029	ice_snow_monster
7030	ice_snow_whale
7031	ice_snow_insect
7032	ice_snow_dog
7033	ice_snow_man
7034	ice_snow_giant_man
7035	ice_snow_golem
7036	ice_snow_monster
7037	ice_snow_whale
7038	ice_snow_insect
7039	ice_snow_dog
7040	ice_snow_man
7041	ice_snow_giant_man
7042	ice_snow_golem
7043	ice_snow_monster
7044	ice_snow_whale
7045	ice_snow_insect
7046	ice_snow_dog
7047	ice_snow_man
7048	ice_snow_giant_man
7049	ice_snow_golem
7050	evil_eye
7051	giant_scorpion
7052	scorpionman_sword
7053	scorpionman_bow
7054	snakeman_sword
7055	snakeman_bow
7056	outlaw
7057	evil_eye
7058	giant_scorpion
7059	scorpionman_sword
7060	scorpionman_bow
7061	snakeman_sword
7062	snakeman_bow
7063	outlaw
7064	evil_eye
7065	giant_scorpion
7066	scorpionman_sword
7067	scorpionman_bow
7068	snakeman_sword
7069	snakeman_bow
7070	outlaw
7071	fire_tiger
7072	fire_ghost
7073	fire_tiger_boss
7074	fire_man
7075	fire_knight
7076	fire_tiger
7077	fire_ghost
7078	fire_tiger_boss
7079	fire_man
7080	fire_knight
7081	fire_tiger
7082	fire_ghost
7083	fire_tiger_boss
7084	fire_man
7085	fire_knight
7086	ent_guru
7087	ent_hu
7088	ent_red
7089	ent_black
7090	ent_guru
7091	ent_hu
7092	ent_red
7093	ent_black
7094	ent_guru
7095	ent_hu
7096	ent_red
7097	ent_black
7101	guild_target_daepo
7102	guild_target_daepo
7103	guild_target_hwacha
7104	guild_target_hwacha
7105	guild_target_bonghwa
7106	signal_fire
7107	signal_fire
7108	signal_fire
7109	signal_fire
7110	signal_fire
7111	signal_fire
7112	signal_fire
7113	monkey
7114	monkey_range
7115	monkey
7116	monkey
7117	stone_monkey
7118	gold_monkey
7119	gold_monkey
7120	nersluck_1
7121	nersluck_2
7122	nersluck_3
7123	fox_ninetail
7124	yellow_tigerman
7125	wolf
7126	wolf
7127	wolf_blue
7128	wolf_gray
7129	wild_boar
7130	red_wild_boar
7131	bear
7132	bear_gray
7133	bear_black
7134	bear_brown
7135	tiger
7136	orc_soldier
7137	orc_scouter
7138	orc_knight
7139	orc_magician
7140	orc_general
7141	orc_black
7142	orc_bigblack
7143	orc_soldier
7144	orc_scouter
7145	orc_knight
7146	orc_magician
7147	orc_general
7148	orc_black
7149	orc_bigblack
7152	evil_eye
7153	giant_scorpion
7154	scorpionman_sword
7155	scorpionman_bow
7156	snakeman_sword
7157	snakeman_bow
7158	outlaw
7159	scorpionman_sword
7160	spider_young
7161	spider_poison
7162	spider_redpoison
7163	spider_nipper
7164	fire_tiger
7165	fire_ghost
7166	fire_tiger_boss
7167	fire_man
7168	fire_knight
7169	fire_tiger
7170	fire_ghost
7171	fire_tiger_boss
7172	fire_man
7173	fire_knight
7174	ice_snow_monster
7175	ice_snow_whale
7176	ice_snow_insect
7177	ice_snow_dog
7178	ice_snow_man
7179	ice_snow_giant_man
7180	ice_snow_golem
7181	misterious_diseased_dog
7182	misterious_diseased_infector
7183	misterious_diseased_sword
7184	misterious_diseased_spear
7185	misterious_diseased_bow
7186	zombie_diseased_kid
7187	zombie_diseased_dog
7188	zombie_diseased_infector
7189	zombie_diseased_sword
7190	zombie_diseased_spear
7191	zombie_diseased_bow
7192	zombie_diseased_boss
7193	zombie_soldier_scythe
7194	zombie_soldier_bow
7195	zombie_soldier_spear
7196	zombie_magician
7197	zombie_bigboss
7198	trent_soldier
7199	trent_soldier2
7200	trent_magic
7201	trent_magic2
7202	trent_general
7203	trent_boss
7204	lemures_magic
7205	lemures_soldier
7206	lemures_soldier2
7207	lemures_officer
7210	smhgate_boss
7211	smhgate_boss_2
7212	smhgate_boss_3
7213	smhgate_boss_4
7214	smhgate_boss_5
7215	smhgate_boss_6
7216	smhgate_boss_7
7550	smhtower_soldier_2
7551	smhtower_soldier2_2
7552	smhtower_knight_2
7553	smhtower_magic_2
7554	smhtower_general_2
7555	smhtower_boss_2
7556	smhtower_king_2
7557	smhtower_soldier_3
7558	smhtower_soldier2_3
7559	smhtower_knight_3
7560	smhtower_magic_3
7561	smhtower_general_3
7562	smhtower_boss_3
7563	smhtower_king_3
7564	smhtower_soldier_4
7565	smhtower_soldier2_4
7566	smhtower_knight_4
7567	smhtower_magic_4
7568	smhtower_general_4
7569	smhtower_boss_4
7570	smhtower_king_4
7571	smhtower_soldier_5
7572	smhtower_soldier2_5
7573	smhtower_knight_5
7574	smhtower_magic_5
7575	smhtower_general_5
7576	smhtower_boss_5
7577	smhtower_king_5
7578	smhtower_soldier_6
7579	smhtower_soldier2_6
7580	smhtower_knight_6
7581	smhtower_magic_6
7582	smhtower_general_6
7583	smhtower_boss_6
7584	smhtower_king_6
7585	smhtower_soldier
7586	smhtower_soldier2
7587	smhtower_knight
7588	smhtower_magic
7589	smhtower_general
7590	smhtower_boss
7591	smhtower_king
7592	defensewave_pawn_1
7593	defensewave_pawn_2
7594	metinstone_east_05
7595	empire_gongbing
7600	metinstone_01
7609	smhtower_king_2
7610	smhtower_king_3
7611	smhtower_king_4
7612	smhtower_king_5
7613	smhtower_king_6
7614	smhtower_king
7615	smhtower_soldier_2
7616	smhtower_soldier2_3
7617	smhtower_general_4
7618	smhtower_general_5
7619	smhtower_knight_6
7620	smhtower_magic
8001	metinstone_01
8002	metinstone_02
8003	metinstone_03
8004	metinstone_04
8005	metinstone_05
8006	metinstone_06
8007	metinstone_07
8008	metinstone_08
8009	metinstone_09
8010	metinstone_04
8011	metinstone_05
8012	metinstone_06
8013	metinstone_07
8014	metinstone_08
8015	metinstone_04
8016	metinstone_05
8017	metinstone_06
8018	metinstone_07
8019	metinstone_08
8020	metinstone_06
8021	metinstone_07
8022	metinstone_08
8023	metinstone_09
8024	metinstone_03
8025	metinstone_04
8026	metinstone_05
8027	metinstone_06
8028	metinstone_06
8029	metinstone_06
8030	metinstone_06
8031	metinstone_09
8032	metinstone_01
8033	metinstone_06
8034	metinstone_02
8035	metinstone_10
8036	metinstone_11
8037	metinstone_12
8038	metinstone_13
8039	metinstone_14
8040	metinstone_15
8041	metinstone_egg01
8042	metinstone_egg01
8043	metinstone_egg01
8044	metinstone_egg01
8045	metinstone_egg01
8046	metinstone_egg01
8047	metinstone_egg01
8048	metinstone_egg01
8049	metinstone_egg01
8050	metinstone_egg01
8051	metinstone_10
8052	metinstone_11
8053	metinstone_12
8054	metinstone_13
8055	metinstone_14
8056	metinstone_15
8057	metinstone_12
8058	metinstone_13
8059	metinstone_16
8060	metinstone_halloween
8061	metinstone_16
8062	metinstone_east_01
8063	metinstone_east_02
8064	metinstone_east_03
8065	metinstone_east_04
8066	metinstone_east_05
8067	metinstone_east_01
8068	metinstone_snake_2
8069	metinstone_snake_3
8070	metinstone_snake_4
8071	metinstone_snake_5
8072	metinstone_egg_whitedragon
8073	metinstone_egg_whitedragon
8075	metinstone_snake_1
8076	metinstone_snake_1
8077	metinstone_east_05
8101	metinstone_01
8102	metinstone_02
8103	metinstone_03
8104	metinstone_04
8105	metinstone_05
8106	metinstone_06
8107	metinstone_07
8108	metinstone_08
8109	metinstone_09
8110	metinstone_09
8111	metinstone_09
8112	metinstone_09
8113	metinstone_09
8114	metinstone_09
8115	metinstone_09
8116	metinstone_halloween
8117	metinstone_halloween
8118	metinstone_halloween
8119	metinstone_halloween
8120	metinstone_09
8121	metinstone_01
8122	metinstone_06
8123	metinstone_02
8124	metinstone_12
8125	metinstone_13
8126	metinstone_16
8127	metinstone_16
8130	metinstone_09
8131	metinstone_01
8132	metinstone_06
8133	metinstone_02
8134	metinstone_12
8135	metinstone_13
8136	metinstone_16
8137	metinstone_16
8150	metinstone_01
8151	metinstone_02
8152	metinstone_03
8153	metinstone_09
8154	metinstone_09
8155	metinstone_08
8156	metinstone_09
8157	metinstone_06
8158	metinstone_16
8159	metinstone_east_01
8200	metinstone_valentine01
8201	metinstone_valentine02
8202	metinstone_icecream
8203	metinstone_kareem
8204	metinstone_egg01
8205	metinstone_egg01
8206	metinstone_egg01
8207	metinstone_worldcup
8501	stray_dog
8502	wild_boar
8503	bear
8504	tiger_big
8505	orc_bigblack
8506	greenfrog_general
8507	outlaw
8508	milgyo_monster1
8509	milgyo_monster2
8510	fire_knight
8511	ice_snow_golem
8600	orc_lord_e
8601	orc_lord_e
8602	milgyo_founder_e
8603	milgyo_founder_e
8604	skeleton_king_e
8605	skeleton_king_e
8606	skeleton_god_e
8607	skeleton_god_e
8608	fox_ninetail_e
8609	fox_ninetail_e
8610	yellow_tigerman_e
8611	yellow_tigerman_e
8612	spider_queen_e
8613	spider_queen_e
8614	giant_desert_turtle_e
8615	giant_desert_turtle_e
8616	blacksmith_boss
8617	blacksmith_boss
8618	blacksmith_boss
8619	blacksmith_boss
8620	blacksmith_boss
8621	blacksmith_boss
8622	blacksmith_boss
8623	blacksmith_boss
8624	ent_elder
8625	garrison
8626	garrison_2
8627	garrison_3
8630	metinstone_snake_2
8631	metinstone_snake_3
8632	metinstone_snake_4
8633	metinstone_snake_5
8634	metinstone_snake_1
8635	metinstone_egg_whitedragon
8636	metinstone_egg_whitedragon
8637	metinstone_smhgate
8638	metinstone_18_hellstone
8639	metinstone_18_hellstone
8640	metinstone_19_otherworldstone
8641	metinstone_smhgate
8642	metinstone_smhgate
8643	metinstone_smhgate
8644	metinstone_smhgate
8645	metinstone_smhgate
8646	metinstone_smhgate
9001	arms
9002	defence
9003	goods
9004	bank
9005	hotel_grandfa
9006	hotel_grandma
9007	arms
9008	defence
9009	sailor
9010	goods_02
9011	bank_02
9012	oldster
9013	goods
9014	goods
9100	smhgate_flower_8
9101	smhgate_flower
9102	smhgate_flower_2
9103	smhgate_flower_3
9104	smhgate_flower_4
9105	smhgate_flower_5
9106	smhgate_flower_6
9107	smhgate_flower_7
10001	warp
10002	warp
10003	warp
10004	warp
10005	warp
10006	warp
10007	warp
10008	warp
10009	warp
10010	warp
10011	warp
10012	warp
10013	warp
10014	warp
10015	warp
10016	warp
10017	warp
10018	warp
10019	warp
10020	warp
10021	warp
10022	warp
10023	warp
10024	warp
10025	warp
10026	warp
10027	warp
10028	warp
10029	warp
10030	warp
10031	warp
10032	warp
10033	warp
10034	warp
10035	warp
10036	warp
10037	warp
10038	warp
10039	warp
10040	warp
10041	warp
10042	warp
10043	warp
10044	warp
10045	warp
10046	warp
10047	warp
10048	warp
10049	warp
10050	warp
10051	warp
10052	warp
10053	warp
10054	warp
10055	warp
10056	warp
10057	warp
10058	warp
10059	warp
10060	warp
10061	warp
10062	warp
10063	warp
10064	warp
10065	warp
10066	warp
10067	warp
10068	warp
10069	warp
10070	warp
10071	warp
10072	warp
10073	warp
10074	warp
10075	warp
10076	warp
10077	warp
10078	warp
10079	warp
10080	warp
10081	warp
10082	warp
10083	warp
10084	warp
10085	warp
10086	warp
10087	warp
10088	warp
10089	warp
10090	warp
10091	warp
10092	warp
10093	warp
10094	warp
10095	warp
10096	warp
10097	warp
10098	warp
10099	warp
10100	warp
10101	warp
10102	warp
10103	warp
10104	warp
10105	warp
10107	warp
10108	warp
10109	warp
10110	warp
10111	warp
10112	warp
10113	warp
10114	warp
10115	warp
10116	warp
10117	warp
10118	warp
10119	warp
10120	warp
10121	warp
10122	warp
10123	warp
10124	warp
10126	warp
10127	warp
10128	warp
10129	warp
10130	warp
10131	warp_blue
10132	warp_blue
10133	warp_blue
10134	warp_blue
10135	warp_blue
10136	warp
10137	warp
10138	warp_blue
10139	warp_blue
10140	warp
10141	warp_blue
10142	warp_blue
10143	warp
10201	warp_blue
10202	warp
10203	warp
10204	warp_blue
10205	warp
10206	warp
10207	warp
10208	warp
10209	warp
10210	warp
10211	warp
10212	warp
10213	warp
10214	warp
10215	warp
10216	warp
10217	warp
10218	warp
10219	warp
10220	warp
10221	warp
10222	warp
10223	warp
10224	warp
10225	warp
10501	warp
10502	warp
10503	warp
10504	warp
10505	warp
10506	warp
10507	warp
10508	warp
10509	warp
10510	warp
10511	warp
10512	warp
10513	warp
10514	warp
10515	warp
10516	warp
10517	warp
10518	warp
10519	warp
10520	warp
10521	warp
10522	warp
10523	warp
10524	warp
10601	warp
10602	warp
10603	warp
10604	warp
10605	warp
10606	warp
10607	warp
10608	warp
10609	warp
10610	warp
10611	warp
10612	warp
10613	warp
10614	warp
10615	warp
10616	warp
10617	warp
10618	warp
10619	warp
10620	warp
10621	warp
10622	warp
10623	warp
10624	warp
10625	warp
10626	warp
10701	warp
10702	warp
10703	warp
10704	warp
10705	warp
10706	warp
10707	warp
10708	warp
10709	warp
10710	warp
10711	warp
10712	warp
10713	warp
10714	warp
10715	warp
10716	warp
10717	warp
10718	warp
10719	warp
10720	warp
10721	warp
10722	warp
10723	warp
10724	warp
10725	warp
10726	warp
10985	warp_blue
11000	gangyo_patrol_spear
11001	gangyo_patrol_bow
11002	jinno_patrol_spear
11003	jinno_patrol_bow
11004	sinsu_patrol_spear
11005	sinsu_patrol_bow
11100	sinsu_guard_spear
11101	sinsu_guard_bow
11102	chenjo_guard_spear
11103	chenjo_guard_bow
11104	jinno_guard_spear
11105	jinno_guard_bow
11106	gangyo_patrol_spear
11107	gangyo_patrol_bow
11108	jinno_patrol_spear
11109	jinno_patrol_bow
11110	sinsu_patrol_spear
11111	sinsu_patrol_bow
11112	gangyo_patrol_spear
11113	gangyo_patrol_bow
11114	jinno_patrol_spear
11115	jinno_patrol_bow
11116	sinsu_patrol_spear
11117	sinsu_patrol_bow
11505	goldenfrog
11506	signal_fire
11507	signal_fire
11508	signal_fire
11509	signal_fire
11510	signal_fire
12000	campfire
13000	wooden_door
13001	stone_door
20001	alchemist
20002	auntie
20003	baby_and_mom
20004	beggar
20005	ceramist
20006	girl_lost_elder_brother
20007	hotel_grandfa
20008	mr_restaurant
20009	oldster
20010	peddler
20011	plant_researcher
20012	rice_cake_seller
20013	sailor
20014	timid_boy
20015	woodcutter
20016	blacksmith
20017	musician
20018	doctor
20019	hunter
20020	old_pirate
20021	widow
20022	young_merchant
20023	bookworm
20024	yu_hwa_rang
20029	pony_normal
20030	pony_normal
20031	santa
20032	christmas_tree_01
20033	christmas_tree_02
20034	christmas_tree_03
20035	flag_red
20036	flag_blue
20037	flag_yellow
20040	jinno_patrol_spear
20041	beggar
20042	peddler
20044	blacksmith
20045	blacksmith
20046	blacksmith
20047	diamond
20048	amber
20049	fossil_tree
20050	copper
20051	silver
20052	gold
20053	jade
20054	ebony
20055	pearl
20056	white_gold
20057	quartz
20058	amethyst
20059	chunru
20060	alchemist
20061	alchemist
20062	alchemist
20063	alchemist
20064	alchemist
20065	alchemist
20066	alchemist
20067	alchemist
20068	alchemist
20069	alchemist
20070	alchemist
20071	alchemist
20072	alchemist
20073	seal_stone
20074	blacksmith
20075	blacksmith
20076	blacksmith
20077	jinno_patrol_spear
20078	jinno_patrol_spear
20079	jinno_patrol_spear
20080	plant_researcher
20081	seal_stone
20082	gm
20083	oldster
20084	chagirap
20086	wondaim
20087	handaup
20088	visamun
20089	jinmoo
20090	samahi
20091	backchon
20092	ayuka
20093	visal
20094	yejin
20095	sinseon
20096	seal_stone
20097	sinsu_warpgate
20098	chenjo_warpgate
20099	jinno_warpgate
20101	pony_normal
20102	pony_member
20103	pony_master
20104	horse_normal
20105	horse_member
20106	horse_master
20107	horse2_normal
20108	horse2_member
20109	horse2_master
20110	boar
20111	dog_god
20112	fire_tiger
20113	lion
20114	lion_white
20115	boar_2
20116	dog_god_2
20117	fire_tiger_2
20118	lion_2
20119	horse_event1
20120	fire_tiger_blue
20121	fire_tiger_darkred
20122	fire_tiger_gold
20123	fire_tiger_green
20124	fire_tiger_pied
20125	fire_tiger_white
20126	santa
20127	flag_a
20128	flag_b
20129	flag_c
20130	flag_d
20131	flag_1
20132	flag_2
20133	flag_3
20134	flag_d_03
20135	flag_d_05
20138	flag_d_02
20142	flag_d_04
20143	flag_d_06
20146	warp_blue
20147	hell_death
20148	haetae_state
20149	horse_guild_01
20150	horse_guild_01
20151	horse_guild_02
20201	boar_0
20202	dog_god_0
20203	fire_tiger_0
20204	lion_0
20205	boar_2
20206	dog_god_2
20207	fire_tiger_2
20208	lion_2
20209	boar_3
20210	dog_god_3
20211	fire_tiger_3
20212	lion_3
20213	reindeer_male1
20214	reindeer_male2
20215	reindeer_male3
20216	reindeer_female1
20217	reindeer_female2
20218	reindeer_female3
20219	horse_halloween1
20220	reindeer_male1_christmas1
20221	bear
20222	panda
20223	dinosaur_1
20224	dinosaur_2
20225	dinosaur_3
20226	unicorn
20227	unicorn1
20228	turkey_1
20229	turkey_2
20230	turkey_3
20231	leopard_black
20232	leopard_yellow
20233	chick_yellow1
20234	chick_white1
20235	chick_yellow2
20236	chick_white2
20237	chick_yellow3
20238	chick_white3
20239	christmas_2015_reindeer_female
20240	christmas_2015_reindeer_male
20241	chick_blue1
20242	chick_pink1
20243	horse_pepsi
20244	halloween_2016_dragon_gold_01
20245	halloween_2016_dragon_silver_02
20246	christmas_2016_mammoth_01
20247	christmas_2016_mammoth_02
20248	ramadan_2017_camel_01
20249	ramadan_2017_camel_02
20250	halloween_2017_volcano_beast_01
20251	halloween_2017_volcano_beast_02
20252	reddragon_fly
20253	horse_normal02
20254	easter_2018_rabbit_01
20255	easter_2018_rabbit_02
20257	christmas_2017_sleddog_01
20258	christmas_2017_sleddog_02
20259	halloween_2018_cerberos_01
20260	halloween_2018_cerberos_02
20261	christmas_2018_horse_01
20262	christmas_2018_horse_02
20263	halloween_2019_bat_01
20264	halloween_2019_bat_02
20265	christmas_2019_horse_01
20266	christmas_2019_horse_02
20267	easter_2020_cow_1
20268	easter_2020_cow_2
20269	ramadan_2020_sphinx_1
20270	ramadan_2020_sphinx_2
20271	halloween_2020_crow_01
20272	halloween_2020_crow_02
20273	christmas_2020_alpaca
20274	christmas_2020_alpaca_2
20275	whitedragon_fly
20276	easter_2021_rabbit_1
20277	easter_2021_rabbit_2
20278	halloween_2021_ninetail_1
20279	halloween_2021_ninetail_2
20280	christmas_2021_wolf_1
20281	christmas_2021_wolf_2
20282	easter_2022_seahorse_1
20283	easter_2022_seahorse_2
20284	halloween_2022_bat_01
20285	halloween_2022_bat_02
20286	christmas_2022_reindeer_1
20287	christmas_2022_reindeer_2
20288	reindeer_male1_christmas1
20289	easter_2023_rabbit_3
20290	easter_2023_rabbit_4
20291	halloween_2023_broom_1
20292	halloween_2023_broom_2
20293	christmas_2023_horse_03
20294	christmas_2023_horse_04
20300	sinsu_patrol_spear
20301	sinsu_patrol_spear
20302	sinsu_patrol_spear
20303	sinsu_patrol_spear
20304	sinsu_patrol_spear
20305	sinsu_patrol_spear
20306	sinsu_patrol_spear
20307	sinsu_patrol_spear
20320	gangyo_patrol_spear
20321	gangyo_patrol_spear
20322	gangyo_patrol_spear
20323	gangyo_patrol_spear
20324	gangyo_patrol_spear
20325	gangyo_patrol_spear
20326	gangyo_patrol_spear
20327	gangyo_patrol_spear
20340	jinno_patrol_spear
20341	jinno_patrol_spear
20342	jinno_patrol_spear
20343	jinno_patrol_spear
20344	jinno_patrol_spear
20345	jinno_patrol_spear
20346	jinno_patrol_spear
20347	jinno_patrol_spear
20348	jinno_patrol_spear
20349	jinno_patrol_spear
20350	jinno_patrol_spear
20351	jinno_patrol_spear
20352	tombstone
20353	tombstone1
20354	guard_leader
20355	guard_leader
20356	mirinae_brother
20357	moonstone
20358	nnflower
20359	mailbox
20360	firestone
20361	waterstone
20362	treestone
20363	steelstone
20364	naoki
20365	steelstone
20366	keyholestone
20367	jinno_patrol_spear
20368	peddler
20369	leechung
20370	spy1
20371	waterstone
20372	tombstone
20373	jinno_patrol_spear
20374	jinno_patrol_spear
20375	npc_fence
20376	chagirap
20377	jinno_patrol_spear_01
20378	gangyo_patrol_spear_01
20379	spy1_01
20380	eojiryu
20381	gilaso
20382	nnflower
20383	blacksmith
20384	christmas_tree
20385	flame_npc
20386	seal_stone
20387	bridge_block_chain
20388	flame_door_npc
20389	keyholestone
20390	keyholestone
20391	nnflower
20392	spy1_01
20393	spy1
20394	jinno_patrol_spear
20395	jinno_patrol_spear
20396	redguild_soldier
20397	ICE_lionstone
20398	ice_keybox
20399	ice_stonepillar
20400	wolfman_jokjang
20401	wolfman_guard
20402	wolfman_guard
20403	wolfman_guard
20404	wolfman_sangin
20405	wolfman_sangin
20408	redguild_guard_M_4
20409	redguild_guard_M
20410	redguild_guard_M_2
20411	redguild_guard_M_3
20412	jinno_patrol_spear
20413	japanese_pirate_2
20414	redguild_guard_F
20415	warp_blue
20416	halloween1
20417	okey_npc
20419	old_magic_M1
20420	reddragon_room_box
20421	old_magic_M2
20422	metinstone_egg02
20423	alchemist
20424	alchemist
20425	alchemist
20426	alchemist
20427	alchemist
20428	alchemist
20429	scholar_brown_M1
20430	ten
20431	peddler_ten
20432	metinstone_defensewave
20433	defensewave_statue
20434	defensewave_sail
20435	defensewave_redrock
20436	defensewave_steerhandle
20437	defensewave_woodrepair
20438	scholar_brown_M
20439	warp_blue
20440	warp_blue
20441	warp_blue
20442	warp_blue
20443	warp_blue
20444	warp_blue
20445	warp_blue
20446	warp_blue
20447	warp_blue
20448	warp_blue
20449	warp_blue
20450	warp_blue
20451	peddler_ten
20452	12zi_statue_mouse_npc
20453	12zi_statue_cow_npc
20454	12zi_statue_tiger_npc
20455	12zi_statue_rabbit_npc
20456	12zi_statue_dragon_npc
20457	12zi_statue_snake_npc
20458	12zi_statue_horse_npc
20459	12zi_statue_sheep_npc
20460	12zi_statue_monkey_npc
20461	12zi_statue_chicken_npc
20462	12zi_statue_dog_npc
20463	12zi_statue_pig_npc
20464	12zi_target_daepo
20470	npc_turtlestone_01
20471	npc_turtlestone_awake_01
20472	npc_turtlestone_awake_01
20473	npc_turtlestone_01
20474	npc_turtlestone_01
20475	blacksmith
20476	blacksmith
20477	blacksmith
20478	blacksmith
20479	blacksmith
20480	redguild_guard_F
20481	redguild_guard_F
20482	metinstone_secret_dungeon_box
20483	metinstone_secret_dungeon_box
20484	metinstone_secret_dungeon_box
20485	metinstone_secret_dungeon_box
20486	warp_blue
20487	warp_blue
20488	warp_blue
20489	warp_blue
20490	scholar_brown_M1
20500	metinstone_egg02
20501	reddragon_room_box
20502	yut_npc
20503	scholar_beige_M2
20504	gemshop
20505	yut
20506	king_npc
20507	npc_samemonster
20510	suraghost
20511	flame_npc
20512	keyholestone
20513	seal_stone
20514	bridge_block_chain
20515	flame_door_npc
20516	ICE_lionstone
20517	ice_keybox
20518	ice_stonepillar
20519	redguild_guard_M
20520	redguild_guard_M_2
20521	redguild_guard_M_3
20522	jinno_patrol_spear
20530	suraghost
20531	flame_npc
20532	keyholestone
20533	seal_stone
20534	bridge_block_chain
20535	flame_door_npc
20536	ICE_lionstone
20537	ice_keybox
20538	ice_stonepillar
20539	redguild_guard_M
20540	redguild_guard_M_2
20541	redguild_guard_M_3
20542	jinno_patrol_spear
20650	scholar_brown_M1
20660	alchemist
20661	alchemist
20662	alchemist
20663	alchemist
20702	shrine_02
20703	shrine_01
20704	shrine_03
20705	shrine_04
20706	shrine_05
20707	warp
20710	reddragon_room_box
20711	metinstone_15
20713	metinstone_15
20714	ice_keybox
20798	warp_smhgate
20799	nnflower
20800	spy1
20802	sinsu_patrol_spear
20803	jinno_guard_bow
20804	jinno_guard_bow
20805	jinno_guard_bow
20806	jinno_guard_bow
20807	snake_statue
20808	gangyo_patrol_spear_01
20809	gilaso
20810	chagirap_02
20811	chagirap
20812	gangyo_patrol_spear_01
20813	sinsu_patrol_spear
20814	spy1
20815	whitedragon_guard
20822	scholar_beige_M1
20823	blacksmith
20825	blacksmith
20826	young_merchant
20827	jinno_patrol_spear
20828	blacksmith
20829	blacksmith
20830	jinno_patrol_spear
20831	jinno_patrol_spear
20832	gangyo_patrol_spear_01
20833	nnflower
20834	npc_empirestone
20835	goods
20836	east_wl_soldier
20837	warp_blue
20838	warp_blue
20839	warp_blue
20840	warp_blue
20841	hunter
20842	snake_smith_01
20844	snake_statue
20845	hunter
20846	hunter
20847	hunter
20848	sura_skeleton2
20849	yu_hwa_rang
20850	npc_empirestone
20851	hunter
20852	hunter
20856	treasure_hunt_goblin
20857	treasure_hunt_box
30000	privateshop
30001	privateshop2
30002	privateshop_1
30003	privateshop_2
30004	privateshop_3
30005	privateshop_4
30006	privateshop_5
30007	privateshop_6
30008	privateshop_7
30101	zombie_key_stone
30102	zombie_god_stone
30103	zombie_security_stone
30104	zombie_warp_stone
30111	zombie_ghost_door
30112	zombie_ghost_door
30113	zombie_ghost_door
30114	zombie_ghost_door
30115	zombie_ghost_door
30116	zombie_ghost_door
30117	zombie_ghost_door
30118	zombie_ghost_door
30119	zombie_ghost_door
30120	obj_bag003
30121	suraghost
30122	warriorghost
30123	worship_dragon
30124	sura_skeleton1
30125	sura_skeleton2
30126	sura_skeleton3
30127	sura_skeleton4
30128	sura_skeleton5
30129	rabbit
30130	waterstone
30131	Easter_Day_rabbit
30132	Easter_Day_rabbit
30301	mineral2
30302	mineral2_ruby
30303	mineral2_garnet
30304	mineral2_bery
30305	mineral2_sapphire
30306	mineral2_fivestone
30307	yu_hwa_rang_event_NPC
30308	postbox_npc
30309	mineral2_steel
30310	mineral2_steel_yellow
30311	mineral2_crystal_dark
30312	mineral2_crystal_violet
30313	mineral2_steel
33001	sura_skeleton3
33002	historian
33003	starveling
33004	starveling2
33005	starveling3
33006	starveling4
33007	starveling5
33008	halloween1
33009	altar_blood
33010	christmas_2022_snowman
34001	phoenix1
34002	reindeer_young1
34003	phoenix2
34004	pwahuang1
34005	pig_young1
34006	dog_young1
34007	tiger_young1
34008	lion_young1
34009	pwahuang1_2
34010	reindeer_young1_christmas1
34011	bear_young1
34012	panda_young1
34013	redthief2_officer_young1
34014	redthief2_officer_young2
34015	halloween_bonedog1
34016	phoenix3
34017	pig_young1_white
34018	dog_young1_white
34019	tiger_young1_white
34020	lion_young1_white
34021	egg_pet
34022	rabbit_pet
34023	leopard_young1_black
34024	leopard_young1_yellow
34025	phoenix1
34026	halloween_pumpkin_pet
34027	halloween_broom
34028	christmas_pet1
34029	christmas_pet2
34030	valentine_angel
34031	valentine_heart
34032	ramadan_pet
34033	ramadan_pet_02
34034	lamb_white_pet
34035	lamb_blue_pet
34036	blue_dragon_young1
34037	blue_dragon_young2
34038	pet_otherworld_bird
34039	skipia_general_young1
34041	monkey_young1
34042	monkey_young2
34045	spider_redpoison_young1
34046	spider_redpoison_young2
34047	pve_dragon_young_1
34048	pve_dragon_young_2
34049	yamachun_young1
34050	yamachun_young2
34053	hanma_young1
34054	hanma_young2
34055	halloween_bet_pet1
34056	halloween_bet_pet2
34057	halloween_bet_pet1
34058	valentine_2016_bear_M
34059	valentine_2016_bear_F
34060	valentine_2016_bear_M
34061	valentine_2016_bear_F
34062	ramadan_pet_03
34063	ramadan_pet_04
34064	red_dragon_young1
34065	red_dragon_young2
34066	ten_warrior_pet
34067	halloween_2016_gangsi_1
34068	halloween_2016_gangsi_2
34069	halloween_2016_gangsi_1
34070	christmas_2016_Goblin_1
34071	christmas_2016_Goblin_2
34072	christmas_2016_Goblin_1
34073	pwahuang1_3
34074	pwahuang1_4
34075	redthief2_officer_young3
34076	redthief2_officer_young4
34077	whitedragon_pet_1
34078	whitedragon_pet_2
34080	luck_sheep_young1
34081	luck_sheep_young2
34082	defensewave_hydra_pet_1
34083	defensewave_hydra_pet_2
34084	easter_2017_rabbit_2
34085	easter_2017_rabbit_1
34086	halloween_2017_ghost_1
34087	halloween_2017_ghost_2
34088	halloween_2017_ghost_1
34089	reddragon_human
34090	ramadan_2018_karim_1
34091	ramadan_2018_karim_2
34092	christmas_2017_penguin_1
34093	christmas_2017_penguin_2
34094	christmas_2017_penguin_1
34095	zshop_griffon_1
34096	zshop_griffon_2
34097	halloween_2018_witch_01
34098	halloween_2018_witch_02
34099	halloween_2018_witch_01
34100	worldcup_2018_wolfman_1
34101	worldcup_2018_wolfman_2
34102	worldcup_2018_wolfman_1
34103	easter_2019_peacock_1
34104	easter_2019_peacock_2
34105	easter_2019_peacock_1
34106	christmas_2018_nutcracker_01
34107	christmas_2018_nutcracker_02
34108	christmas_2018_nutcracker_01
34109	ramadan_2019_camel_1
34110	ramadan_2019_camel_2
34111	ramadan_2019_camel_1
34112	pet_ice_snow_insect
34113	pet_ice_snow_insect
34114	halloween_2019_3eyecat_01
34115	halloween_2019_3eyecat_02
34116	halloween_2019_3eyecat_01
34117	christmas_2019_santa_01
34118	christmas_2019_santa_02
34119	christmas_2019_santa_01
34120	skipia_general_young2
34121	skipia_general_young3
34122	ten_warrior_pet
34123	ten_warrior_pet
34124	elemental_pet_pawn_5
34125	elemental_pet_pawn_1
34126	elemental_pet_pawn_4
34127	elemental_pet_pawn_2
34128	elemental_pet_pawn_6
34129	elemental_pet_pawn_3
34130	valentine_2020_dog_1
34131	valentine_2020_dog_2
34132	valentine_2020_dog_1
34133	summer_2020_crustacean
34134	summer_2020_crustacean
34135	halloween_2020_mummy_01
34136	halloween_2020_mummy_02
34137	halloween_2020_mummy_01
34138	christmas_2020_tree
34139	christmas_2020_tree_2
34140	christmas_2020_tree
34141	ramadan_2021_anubis_01
34142	ramadan_2021_anubis_02
34143	ramadan_2021_anubis_01
34145	summer_2021_whale
34146	summer_2021_whale
34147	lion_young1_white
34148	halloween_2018_witch_01
34149	phoenix1
34150	halloween_2021_fenfire_01
34151	halloween_2021_fenfire_02
34152	halloween_2021_fenfire_01
34153	christmas_2021_bear_1
34154	christmas_2021_bear_2
34155	christmas_2021_bear_1
34156	halloween_2022_coffin_1
34157	halloween_2022_coffin_2
34158	halloween_2022_coffin_1
34159	christmas_2022_cookie_1
34160	christmas_2022_cookie_2
34161	christmas_2022_cookie_1
34162	valentine_2022_dragon_1
34163	valentine_2022_dragon_2
34164	valentine_2022_dragon_1
34165	smhgate_young_1
34166	smhgate_young_2
34167	smhgate_pet_2
34168	smhgate_pet_3
34169	smhgate_pet_4
34170	smhgate_pet_5
34171	smhgate_pet_6
34172	smhgate_pet_7
34173	smhgate_pet
34174	ramadan_2022_turkish_1
34175	ramadan_2022_turkish_2
34176	ramadan_2022_turkish_1
34177	worldcup_2022_ball
34178	reindeer_young1_christmas1
34180	ramadan_2023_steampunk_1
34181	ramadan_2023_steampunk_2
34182	ramadan_2023_steampunk_1
34183	summer_2023_whale
34184	summer_2023_whale
34185	halloween_2023_voodooist_1
34186	halloween_2023_voodooist_2
34187	halloween_2023_voodooist_1
34188	christmas_2023_krampus_1
34189	christmas_2023_krampus_2
34190	christmas_2023_krampus_1
40003	summer_2023_hoverboard
50000	goods
50001	goods
50002	goods
60000	old_master_M
60001	old_master_M
60002	old_master_M
60003	scholar_beige_M1
